[
  {
    "id": 1,
    "name": "Pâine 1 KG",
    "price": 5.5
  },
  {
    "id": 2,
    "name": "Pâine 800g",
    "price": 5
  },
  {
    "id": 3,
    "name": "Pâine 600g",
    "price": 4.5
  },
  {
    "id": 4,
    "name": "Pâine 500g",
    "price": 4
  },
  {
    "id": 5,
    "name": "Pâine 300g",
    "price": 3
  },
  {
    "id": 6,
    "name": "Pâine neagră 600g",
    "price": 4.5
  },
  {
    "id": 7,
    "name": "Pâine cu semințe 600g",
    "price": 5
  },
  {
    "id": 8,
    "name": "Pâine cu semințe 300g",
    "price": 3
  },
  {
    "id": 9,
    "name": "Pâine cu maia",
    "price": 5.5
  },
  {
    "id": 10,
    "name": "Pâine cu cartof",
    "price": 5.5
  },
  {
    "id": 11,
    "name": "Pâine integrală",
    "price": 4.5
  },
  {
    "id": 12,
    "name": "Cozonac cu nucă 600g",
    "price": 10
  },
  {
    "id": 13,
    "name": "Cozonac cu mac 600g",
    "price": 10
  },
  {
    "id": 14,
    "name": "Cozonac CRS(cu stafide, rahat)",
    "price": 10
  },
  {
    "id": 15,
    "name": "Corn cu ciocolată",
    "price": 3
  },
  {
    "id": 16,
    "name": "Brânzoaică",
    "price": 3
  },
  {
    "id": 17,
    "name": "Corn cu vanillie",
    "price": 3
  },
  {
    "id": 18,
    "name": "Corn cu rahat",
    "price": 3
  },
  {
    "id": 19,
    "name": "Melc",
    "price": 3
  }
]
